model,seed,epoch,train_loss,train_acc,val_loss,val_acc
ViT,0,1,0.6936321419382853,0.5,0.6936861388385296,0.5
ViT,0,2,0.6931997660606627,0.5,0.6932338178157806,0.5
ViT,0,3,0.6931264400482178,0.5,0.6931537874042988,0.5
ViT,0,4,0.6930877131129068,0.5,0.693103663623333,0.5
ViT,0,5,0.6930477363722665,0.5085,0.693057481199503,0.508
ViT,0,6,0.6930655468077886,0.5,0.6930818296968937,0.5
ViT,0,7,0.6930147362133813,0.518,0.6930208429694176,0.52
ViT,0,8,0.6930219341838171,0.5,0.6930226609110832,0.5
ViT,0,9,0.6930272389972021,0.5,0.6930216699838638,0.5
ViT,0,10,0.6929575961733622,0.552,0.6929679811000824,0.558
ViT,0,11,0.6929539139308627,0.5765,0.6929619945585728,0.548
ViT,0,12,0.6929399163003952,0.5025,0.6929430104792118,0.508
ViT,0,13,0.6929460007046896,0.5,0.692945085465908,0.5
ViT,0,14,0.692923196724483,0.5,0.6929228231310844,0.5
ViT,0,15,0.6929019112435598,0.5,0.6929026544094086,0.5
ViT,0,16,0.6928595427482848,0.573,0.6928735040128231,0.576
ViT,0,17,0.6928338323320661,0.5,0.6928437426686287,0.5
ViT,0,18,0.6927874069365244,0.5835,0.6928134895861149,0.572
ViT,0,19,0.6927412057679797,0.571,0.6927790381014347,0.556
ViT,0,20,0.6926821158045814,0.5325,0.6927345618605614,0.52
ViT,0,21,0.6926038776125226,0.5305,0.692680835723877,0.516
ViT,0,22,0.6924366222487556,0.5275,0.6925817728042603,0.518
ViT,0,23,0.6923070266133263,0.5305,0.6924924179911613,0.518
ViT,0,24,0.6920651490726168,0.537,0.6923418790102005,0.522
ViT,0,25,0.692069495481158,0.547,0.6923173107206821,0.542
ViT,0,26,0.691855840266697,0.5345,0.6921970546245575,0.52
ViT,0,27,0.6917491214615958,0.5365,0.6921169646084309,0.524
ViT,0,28,0.6916617438906715,0.5355,0.6920414455235004,0.518
ViT,0,29,0.6913554072380066,0.535,0.6918656080961227,0.518
ViT,0,30,0.691114294150519,0.535,0.6917211711406708,0.518
ViT,0,31,0.6911547174529423,0.5355,0.6917054876685143,0.516
ViT,0,32,0.6901531181638203,0.5355,0.6911784745752811,0.518
ViT,0,33,0.6893999832017081,0.5345,0.6908623650670052,0.516
ViT,0,34,0.6894291516334291,0.5365,0.6907580345869064,0.518
ViT,0,35,0.6896065085653275,0.5365,0.6907631121575832,0.518
ViT,0,36,0.6891208697879125,0.5365,0.6905146576464176,0.518
ViT,0,37,0.687658671348814,0.535,0.6897444240748882,0.518
ViT,0,38,0.6868409012991284,0.5365,0.6891598515212536,0.518
ViT,0,39,0.6863441902493673,0.537,0.6888434551656246,0.518
ViT,0,40,0.6841067378483121,0.582,0.6871739365160465,0.564
ViT,0,41,0.6806071315492902,0.5895,0.685423269867897,0.564
ViT,0,42,0.6787478791342841,0.5725,0.6843992210924625,0.554
ViT,0,43,0.6750847914862255,0.5945,0.6821205206215382,0.566
ViT,0,44,0.668992763473874,0.6005,0.6777291260659695,0.564
ViT,0,45,0.6657456292046441,0.605,0.6763040460646152,0.58
ViT,0,46,0.6616602445405627,0.606,0.6742343306541443,0.578
ViT,0,47,0.6573466185539488,0.606,0.6712471880018711,0.57
ViT,0,48,0.6520078522818429,0.6165,0.6698058173060417,0.58
ViT,0,49,0.6486408133355398,0.619,0.6686213687062263,0.598
ViT,0,50,0.6445797047917805,0.6195,0.6668035089969635,0.588
ViT,0,51,0.6470085600065807,0.63,0.6668677590787411,0.586
ViT,0,52,0.6421660024022299,0.6295,0.6641114205121994,0.59
ViT,0,53,0.6410648397036961,0.6365,0.6661132425069809,0.598
ViT,0,54,0.6411651448597984,0.627,0.6637762188911438,0.584
ViT,0,55,0.6424351523792933,0.641,0.6653551012277603,0.594
ViT,0,56,0.6391947023452275,0.643,0.666035570204258,0.588
ViT,0,57,0.6363876093001593,0.639,0.6634922176599503,0.59
ViT,0,58,0.6363230025957501,0.6425,0.6619097888469696,0.586
ViT,0,59,0.6341711755782838,0.6455,0.6609698459506035,0.59
ViT,0,60,0.6344268908576359,0.6425,0.660441804677248,0.586
ViT,0,61,0.6325139024901012,0.645,0.6601241230964661,0.602
ViT,0,62,0.6310102788228837,0.649,0.6590024456381798,0.608
ViT,0,63,0.6284830456688291,0.6505,0.657300490885973,0.604
ViT,0,64,0.6276178378907461,0.6485,0.6581830158829689,0.61
ViT,0,65,0.6266689716823517,0.652,0.6545259803533554,0.608
ViT,0,66,0.6259163892458356,0.655,0.6543179228901863,0.61
ViT,0,67,0.6250115046425472,0.651,0.6557248309254646,0.61
ViT,0,68,0.623183202175867,0.6545,0.6532776020467281,0.612
ViT,0,69,0.6234439800656031,0.653,0.6530280597507954,0.606
ViT,0,70,0.6218569723386613,0.6565,0.6535150110721588,0.61
ViT,0,71,0.6229019732702346,0.655,0.6523363143205643,0.614
ViT,0,72,0.6227848312211415,0.658,0.652672354131937,0.614
ViT,0,73,0.622045808368259,0.6585,0.6516905948519707,0.612
ViT,0,74,0.6199809880483718,0.658,0.6508757248520851,0.608
ViT,0,75,0.6199555028052557,0.6595,0.650397889316082,0.61
ViT,0,76,0.6194015192607093,0.657,0.6511017978191376,0.604
ViT,0,77,0.620586129408034,0.6615,0.648495476692915,0.614
ViT,0,78,0.6181023962913997,0.656,0.6497288458049297,0.614
ViT,0,79,0.6177144939937289,0.6575,0.6495828442275524,0.616
ViT,0,80,0.6178894165962462,0.662,0.6491150669753551,0.616
ViT,0,81,0.617100096884228,0.662,0.6486096754670143,0.614
ViT,0,82,0.6178478220152477,0.664,0.6488849632441998,0.608
ViT,0,83,0.6176080911878555,0.6645,0.6476675420999527,0.618
ViT,0,84,0.6165607486452375,0.665,0.6475087627768517,0.618
ViT,0,85,0.6157995150202796,0.661,0.6474302485585213,0.618
ViT,0,86,0.6157937778366936,0.666,0.6474175415933132,0.618
ViT,0,87,0.614442419438135,0.664,0.6475434936583042,0.618
ViT,0,88,0.6136090954144796,0.666,0.6474465131759644,0.62
ViT,0,89,0.612872754770612,0.6655,0.6476496867835522,0.614
ViT,0,90,0.6123589816547576,0.6645,0.6461320780217648,0.618
ViT,0,91,0.6132553503626869,0.667,0.645503357052803,0.612
ViT,0,92,0.6125596657631889,0.666,0.6450777873396873,0.608
ViT,0,93,0.6128373675876193,0.6675,0.6439906507730484,0.61
ViT,0,94,0.6121701825232733,0.6675,0.6442930772900581,0.614
ViT,0,95,0.6121285699662709,0.6675,0.6430990360677242,0.612
ViT,0,96,0.6116081618127369,0.6685,0.6428917795419693,0.612
ViT,0,97,0.6103538691051422,0.669,0.6432358473539352,0.614
ViT,0,98,0.6109345299857003,0.6665,0.6432147324085236,0.614
ViT,0,99,0.6095802206841726,0.6715,0.6433098278939724,0.612
ViT,0,100,0.6101990711121332,0.669,0.6429295986890793,0.614
ViT,0,101,0.6098190262204125,0.6695,0.6425671279430389,0.61
ViT,0,102,0.6091088520156013,0.6705,0.6428451612591743,0.608
ViT,0,103,0.6093221496021937,0.67,0.6422086134552956,0.608
ViT,0,104,0.6097802529259334,0.67,0.6424622759222984,0.612
ViT,0,105,0.6095202385433136,0.6715,0.641840111464262,0.612
ViT,0,106,0.6091964197537255,0.6695,0.6416392140090466,0.604
ViT,0,107,0.6091110621179853,0.672,0.6426873132586479,0.612
ViT,0,108,0.6080939968427023,0.67,0.6423888355493546,0.604
ViT,0,109,0.6085404261710152,0.669,0.64233073964715,0.608
ViT,0,110,0.6083560585975647,0.6685,0.6417644284665585,0.606
ViT,0,111,0.6082287544295901,0.6695,0.6414509937167168,0.604
ViT,0,112,0.6081271606778341,0.6695,0.6412277035415173,0.602
ViT,0,113,0.6082180397851127,0.6715,0.6410740092396736,0.608
ViT,0,114,0.6072786336853391,0.6695,0.6414691209793091,0.604
ViT,0,115,0.6072527482396081,0.6695,0.6413068771362305,0.608
ViT,0,116,0.6067080563969083,0.668,0.6423236764967442,0.604
ViT,0,117,0.6066699359152052,0.668,0.6419331580400467,0.608
ViT,0,118,0.6066784196429782,0.669,0.6417163014411926,0.608
ViT,0,119,0.6066815427371434,0.6685,0.6415931172668934,0.61
ViT,0,120,0.6063200528659518,0.669,0.641713947057724,0.608
ViT,0,121,0.6062944389524914,0.669,0.6415176391601562,0.606
ViT,0,122,0.6064102337473914,0.671,0.6412521786987782,0.606
ViT,0,123,0.606110692024231,0.6705,0.6412611231207848,0.608
ViT,0,124,0.6057516695961119,0.671,0.6414152905344963,0.61
ViT,0,125,0.6057772191744002,0.67,0.6410439573228359,0.61
ViT,0,126,0.6055227849218581,0.671,0.6408936716616154,0.61
ViT,0,127,0.6055159653936114,0.6715,0.6406235918402672,0.608
ViT,0,128,0.6053509437848651,0.6715,0.640724491328001,0.608
ViT,0,129,0.605169827975924,0.67,0.6409390643239021,0.606
ViT,0,130,0.6050988643888443,0.6705,0.6409638002514839,0.608
ViT,0,131,0.6050550956574697,0.67,0.6408307962119579,0.608
ViT,0,132,0.605072590093764,0.672,0.6407474912703037,0.608
ViT,0,133,0.605042316610851,0.6695,0.6406950652599335,0.608
ViT,0,134,0.6050506678838579,0.6715,0.6404886394739151,0.606
ViT,0,135,0.6050596360176329,0.6715,0.6404535919427872,0.606
ViT,0,136,0.6050461767211793,0.6715,0.640439759939909,0.606
ViT,0,137,0.6050556197999015,0.6715,0.6404203325510025,0.606
ViT,0,138,0.6051167155069018,0.6715,0.640360027551651,0.606
ViT,0,139,0.6050751020037939,0.672,0.6403872966766357,0.604
ViT,0,140,0.6050796622321719,0.671,0.6403770446777344,0.604
ViT,0,141,0.6050886795634315,0.67,0.6403752118349075,0.606
ViT,0,142,0.605048294105227,0.6705,0.6404197104275227,0.606
ViT,0,143,0.6050362293682401,0.671,0.640417717397213,0.604
ViT,0,144,0.6050308696807377,0.6705,0.640419714152813,0.604
ViT,0,145,0.605000428737156,0.673,0.6404326558113098,0.606
ViT,0,146,0.6049889941064138,0.672,0.6404286324977875,0.604
ViT,0,147,0.6049851538643004,0.672,0.6404302082955837,0.604
ViT,0,148,0.604980344810183,0.672,0.6404327936470509,0.604
ViT,0,149,0.6049786295209613,0.672,0.6404334902763367,0.604
ViT,0,150,0.6049781517376975,0.672,0.6404336281120777,0.604
ViT,1,1,0.6931215430062915,0.5,0.6930607259273529,0.5
ViT,1,2,0.6931788646985614,0.5,0.6930775977671146,0.5
ViT,1,3,0.6930403179592557,0.5005,0.6930564343929291,0.5
ViT,1,4,0.6930284168985155,0.5,0.6930352300405502,0.5
ViT,1,5,0.6930755518731617,0.5,0.6930080465972424,0.5
ViT,1,6,0.6930138336287605,0.5,0.6929803416132927,0.5
ViT,1,7,0.6929790822286455,0.5,0.6929773576557636,0.5
ViT,1,8,0.6929522904138716,0.513,0.692977137863636,0.506
ViT,1,9,0.6929303379285903,0.5005,0.6929398700594902,0.5
ViT,1,10,0.6929514937930636,0.5,0.6928947903215885,0.5
ViT,1,11,0.6929234237897963,0.5,0.6928634569048882,0.5
ViT,1,12,0.6928520391857813,0.5,0.6928348876535892,0.5
ViT,1,13,0.6927976447438436,0.5,0.6928043849766254,0.5
ViT,1,14,0.6927591344666859,0.5,0.6927580051124096,0.5
ViT,1,15,0.6927273822209191,0.5,0.6926973648369312,0.5
ViT,1,16,0.6926441750829182,0.5,0.69262420758605,0.5
ViT,1,17,0.6925240878074889,0.5065,0.6925309114158154,0.504
ViT,1,18,0.6923231132446773,0.5245,0.6923432312905788,0.522
ViT,1,19,0.691829384319366,0.545,0.6918581575155258,0.532
ViT,1,20,0.6900004063333783,0.59,0.6901124007999897,0.574
ViT,1,21,0.6802509994733901,0.601,0.6798881143331528,0.608
ViT,1,22,0.6680893160047985,0.6025,0.6676421947777271,0.612
ViT,1,23,0.653178798773932,0.6125,0.652862910181284,0.624
ViT,1,24,0.6455942723486159,0.6225,0.6481359638273716,0.624
ViT,1,25,0.6389946379358806,0.6375,0.6444297842681408,0.638
ViT,1,26,0.6321198495607527,0.6485,0.6410664543509483,0.65
ViT,1,27,0.6291819716256762,0.651,0.641303788870573,0.646
ViT,1,28,0.6240868076445565,0.6525,0.6373054534196854,0.64
ViT,1,29,0.6180551023710341,0.6645,0.6345936246216297,0.662
ViT,1,30,0.614037863791935,0.668,0.6311577931046486,0.65
ViT,1,31,0.6104176148535714,0.6725,0.6296441219747066,0.658
ViT,1,32,0.6082377807488517,0.6775,0.6240408383309841,0.658
ViT,1,33,0.6049380198357597,0.676,0.6223238185048103,0.65
ViT,1,34,0.6027405143730225,0.682,0.622415404766798,0.654
ViT,1,35,0.5994730662731897,0.6765,0.6217635944485664,0.654
ViT,1,36,0.5979390981651488,0.683,0.6189629957079887,0.654
ViT,1,37,0.5950486891799502,0.684,0.61716378480196,0.656
ViT,1,38,0.5943507126399449,0.6815,0.6145009137690067,0.67
ViT,1,39,0.5928814529426514,0.686,0.6128903143107891,0.668
ViT,1,40,0.5912925236754947,0.6845,0.6112585589289665,0.666
ViT,1,41,0.5906071393262773,0.6915,0.6101805679500103,0.664
ViT,1,42,0.5878365976469857,0.691,0.6094467081129551,0.67
ViT,1,43,0.5859928552120451,0.6905,0.6093334816396236,0.664
ViT,1,44,0.585100895828671,0.693,0.6078804321587086,0.674
ViT,1,45,0.583650005715234,0.693,0.6071569323539734,0.664
ViT,1,46,0.5819742991810753,0.689,0.6061823666095734,0.658
ViT,1,47,0.5814562137164767,0.691,0.6057661641389132,0.66
ViT,1,48,0.5802958465757824,0.6915,0.6046927608549595,0.662
ViT,1,49,0.5779921459773231,0.6965,0.6048511881381273,0.666
ViT,1,50,0.5776438268404158,0.6965,0.6037255488336086,0.67
ViT,1,51,0.5762384377774739,0.7005,0.6031510140746832,0.664
ViT,1,52,0.5750939074962859,0.6985,0.6022694651037455,0.666
ViT,1,53,0.574896150165134,0.696,0.6031504236161709,0.66
ViT,1,54,0.5730016666745382,0.7,0.6024682372808456,0.666
ViT,1,55,0.5718407853255196,0.6995,0.6009529866278172,0.67
ViT,1,56,0.5702135974452609,0.699,0.6005154848098755,0.67
ViT,1,57,0.5700753241304367,0.7005,0.6000570189207792,0.668
ViT,1,58,0.5685514287343101,0.7015,0.5999264996498823,0.662
ViT,1,59,0.5665394176566412,0.6995,0.600910697132349,0.666
ViT,1,60,0.5651588950838361,0.704,0.6007821969687939,0.67
ViT,1,61,0.564736374786922,0.7035,0.5996873676776886,0.664
ViT,1,62,0.5635796317032405,0.704,0.5994655601680279,0.664
ViT,1,63,0.5628586264829787,0.7075,0.5984623059630394,0.664
ViT,1,64,0.5618881748782264,0.707,0.5982137825340033,0.672
ViT,1,65,0.5600094047803728,0.7095,0.5985470414161682,0.664
ViT,1,66,0.5592621924385192,0.708,0.596071807667613,0.668
ViT,1,67,0.557772566874822,0.7065,0.5974246524274349,0.668
ViT,1,68,0.5570704709915888,0.7055,0.5970857013016939,0.664
ViT,1,69,0.5564811849404895,0.7105,0.5965285189449787,0.67
ViT,1,70,0.5555463277158283,0.7085,0.5952742304652929,0.672
ViT,1,71,0.5540632752199022,0.709,0.594554603099823,0.674
ViT,1,72,0.5534641737975772,0.708,0.593655027449131,0.674
ViT,1,73,0.5527040589423406,0.7085,0.5946802217513323,0.672
ViT,1,74,0.5517435461755783,0.71,0.5934455003589392,0.67
ViT,1,75,0.5522441651139941,0.714,0.5921532437205315,0.67
ViT,1,76,0.5514402971381233,0.709,0.5931962504982948,0.676
ViT,1,77,0.550217687610596,0.7085,0.5932213086634874,0.672
ViT,1,78,0.54873064680705,0.71,0.592584878206253,0.674
ViT,1,79,0.5478896683170682,0.7145,0.5929363984614611,0.672
ViT,1,80,0.5468232187013777,0.715,0.5924005154520273,0.676
ViT,1,81,0.5466365000558278,0.717,0.5926263369619846,0.67
ViT,1,82,0.5459300360036274,0.7175,0.5920795686542988,0.674
ViT,1,83,0.5451092455122206,0.7195,0.59101327881217,0.674
ViT,1,84,0.5441439743079837,0.7175,0.5920547675341368,0.67
ViT,1,85,0.5433001158729432,0.72,0.5931104701012373,0.676
ViT,1,86,0.5426999988063933,0.7195,0.5923858527094126,0.672
ViT,1,87,0.5425553813813224,0.72,0.5911355931311846,0.67
ViT,1,88,0.5424710214138031,0.7185,0.5913559328764677,0.67
ViT,1,89,0.5408031122078971,0.7175,0.5922731999307871,0.672
ViT,1,90,0.5402046858318268,0.7205,0.593341888859868,0.68
ViT,1,91,0.5396589348240505,0.719,0.5920628942549229,0.67
ViT,1,92,0.5394649169747792,0.722,0.5924691334366798,0.672
ViT,1,93,0.5386768603135669,0.723,0.5934788528829813,0.672
ViT,1,94,0.5386312892512669,0.723,0.5940529108047485,0.668
ViT,1,95,0.5380317772191668,0.724,0.5933382771909237,0.664
ViT,1,96,0.5377110228652046,0.723,0.5938392262905836,0.666
ViT,1,97,0.536304280398384,0.7235,0.5939386636018753,0.668
ViT,1,98,0.5360917330734314,0.7255,0.5956929475069046,0.666
ViT,1,99,0.535462530832442,0.7245,0.5951212737709284,0.666
ViT,1,100,0.5365428068335094,0.7265,0.5961029063910246,0.674
ViT,1,101,0.5352237016435654,0.725,0.5952834133058786,0.674
ViT,1,102,0.5364655956389413,0.7285,0.5948064625263214,0.678
ViT,1,103,0.5354631320824699,0.726,0.5942082870751619,0.672
ViT,1,104,0.5350051810817112,0.7265,0.5945271048694849,0.674
ViT,1,105,0.5348175716778588,0.727,0.5942143760621548,0.674
ViT,1,106,0.5343103200670273,0.7265,0.5936116147786379,0.67
ViT,1,107,0.5342883633242713,0.7255,0.5933996066451073,0.672
ViT,1,108,0.5342239888887557,0.727,0.5950913280248642,0.672
ViT,1,109,0.5331018831994798,0.722,0.5939716510474682,0.672
ViT,1,110,0.5325605978095342,0.724,0.5935044102370739,0.67
ViT,1,111,0.5330428202000875,0.725,0.5945913381874561,0.672
ViT,1,112,0.5324096116754744,0.7255,0.5942971706390381,0.674
ViT,1,113,0.5322639133249011,0.727,0.5947767663747072,0.674
ViT,1,114,0.532171359610936,0.729,0.594926904886961,0.674
ViT,1,115,0.5315020685158078,0.7275,0.593900153413415,0.674
ViT,1,116,0.5308570412416307,0.727,0.5939319636672735,0.674
ViT,1,117,0.5312457146152617,0.732,0.5946393627673388,0.676
ViT,1,118,0.5315303835603926,0.732,0.5953373741358519,0.678
ViT,1,119,0.5298733824775332,0.727,0.5934106763452291,0.674
ViT,1,120,0.5300362867022318,0.7275,0.59384511038661,0.678
ViT,1,121,0.5298851718978276,0.7275,0.5937454104423523,0.676
ViT,1,122,0.5299984864772312,0.728,0.5936984904110432,0.676
ViT,1,123,0.5299479795826806,0.7275,0.5938152708113194,0.676
ViT,1,124,0.5297959191458566,0.7275,0.594068743288517,0.676
ViT,1,125,0.5293031883618188,0.7275,0.594216488301754,0.676
ViT,1,126,0.5291026102172004,0.726,0.5940894056111574,0.674
ViT,1,127,0.5290968427582393,0.728,0.5940221846103668,0.676
ViT,1,128,0.528745631849955,0.7275,0.5938880015164614,0.67
ViT,1,129,0.5291741310604035,0.7265,0.5942976903170347,0.676
ViT,1,130,0.5287716667803507,0.729,0.5940616112202406,0.674
ViT,1,131,0.528600829934317,0.729,0.593996087089181,0.672
ViT,1,132,0.52850898816472,0.728,0.5940286032855511,0.674
ViT,1,133,0.5286059966163029,0.729,0.5940353069454432,0.672
ViT,1,134,0.528682122627894,0.7295,0.5940649881958961,0.674
ViT,1,135,0.528493972524764,0.7285,0.5939093343913555,0.672
ViT,1,136,0.5282457631731791,0.728,0.5937531664967537,0.672
ViT,1,137,0.5283391447294326,0.728,0.5938388649374247,0.674
ViT,1,138,0.5282769406598712,0.727,0.5939061231911182,0.674
ViT,1,139,0.5282649076174176,0.7275,0.5938274934887886,0.674
ViT,1,140,0.5281763038938008,0.728,0.5938086360692978,0.672
ViT,1,141,0.5281845056821429,0.7275,0.5938848871737719,0.674
ViT,1,142,0.5282332542396727,0.727,0.5938887670636177,0.672
ViT,1,143,0.5281454726817116,0.728,0.5938237998634577,0.672
ViT,1,144,0.5281165918660542,0.7285,0.5937946792691946,0.672
ViT,1,145,0.5280877105773442,0.728,0.593795582652092,0.672
ViT,1,146,0.528056863281462,0.729,0.5937750209122896,0.672
ViT,1,147,0.528054973908833,0.7285,0.5937830246984959,0.672
ViT,1,148,0.5280591689404988,0.7285,0.5937925595790148,0.672
ViT,1,149,0.5280587573846182,0.7285,0.5937929358333349,0.672
ViT,1,150,0.5280583013617803,0.7285,0.5937932170927525,0.672
ViT,2,1,0.6933239717332144,0.5,0.6930556111037731,0.5
ViT,2,2,0.6932830006357223,0.5,0.6930456534028053,0.5
ViT,2,3,0.6932389887552413,0.5,0.6930316314101219,0.5
ViT,2,4,0.6934058467547098,0.5,0.6931026168167591,0.5
ViT,2,5,0.6935585254714602,0.5,0.693197637796402,0.5
ViT,2,6,0.6933010447592962,0.5,0.6930501870810986,0.5
ViT,2,7,0.6932760145929124,0.5,0.6930365301668644,0.5
ViT,2,8,0.6933744313224913,0.5,0.6930836513638496,0.5
ViT,2,9,0.6935790086549426,0.5,0.6932061240077019,0.5
ViT,2,10,0.6932447524297805,0.5,0.6930053532123566,0.5
ViT,2,11,0.6932332317034403,0.5,0.6929983757436275,0.5
ViT,2,12,0.693311113213736,0.5,0.6930379495024681,0.5
ViT,2,13,0.6931825109890529,0.5,0.6929671689867973,0.5
ViT,2,14,0.6934264103571574,0.5,0.6931013464927673,0.5
ViT,2,15,0.6931098784719195,0.5,0.6929141245782375,0.5
ViT,2,16,0.6931663486692641,0.5,0.6929344236850739,0.5
ViT,2,17,0.6930911408530341,0.5,0.6928774230182171,0.5
ViT,2,18,0.692965272873167,0.5,0.6927928812801838,0.5
ViT,2,19,0.692922468223269,0.5,0.692746814340353,0.5
ViT,2,20,0.6927224955861531,0.5,0.6925997324287891,0.5
ViT,2,21,0.692519327950856,0.5,0.6924170665442944,0.5
ViT,2,22,0.6921909517712064,0.5,0.6921197846531868,0.5
ViT,2,23,0.691074998605819,0.5,0.6911594122648239,0.5
ViT,2,24,0.6891408534277053,0.5195,0.6892444267868996,0.516
ViT,2,25,0.6838718700030494,0.592,0.6836883947253227,0.564
ViT,2,26,0.6752938278137691,0.6045,0.6764359995722771,0.596
ViT,2,27,0.6683352258470323,0.6205,0.6701841540634632,0.6
ViT,2,28,0.6611957360827734,0.631,0.6635752879083157,0.594
ViT,2,29,0.6498875277382987,0.6345,0.6533830240368843,0.622
ViT,2,30,0.6416409687390403,0.643,0.6475286409258842,0.64
ViT,2,31,0.6362126450690012,0.647,0.6438033208251,0.638
ViT,2,32,0.629606444684286,0.665,0.6393322423100471,0.644
ViT,2,33,0.6258866077377683,0.6645,0.6386584267020226,0.644
ViT,2,34,0.6175512018657866,0.665,0.6340650804340839,0.644
ViT,2,35,0.6129747127729749,0.669,0.630780529230833,0.642
ViT,2,36,0.6097442649659657,0.671,0.6294779218733311,0.644
ViT,2,37,0.6082313032377333,0.6645,0.6298849619925022,0.64
ViT,2,38,0.605437089526464,0.673,0.6286308653652668,0.65
ViT,2,39,0.6026015802035256,0.682,0.6277863681316376,0.652
ViT,2,40,0.6019153916646564,0.6815,0.6266507133841515,0.654
ViT,2,41,0.5979801714420319,0.685,0.6273925639688969,0.658
ViT,2,42,0.594891523557996,0.6855,0.6252069398760796,0.658
ViT,2,43,0.5934029898000142,0.686,0.6265801973640919,0.656
ViT,2,44,0.5917530069275508,0.683,0.6241903118789196,0.654
ViT,2,45,0.5892944529889121,0.6865,0.6251141056418419,0.658
ViT,2,46,0.588272447150851,0.6895,0.6260896027088165,0.662
ViT,2,47,0.5872258889296699,0.693,0.6243040338158607,0.668
ViT,2,48,0.5865234642747849,0.686,0.6264400444924831,0.656
ViT,2,49,0.5829025298830063,0.686,0.6275671757757664,0.658
ViT,2,50,0.5816616709270175,0.6845,0.6294072307646275,0.66
ViT,2,51,0.5806705942229619,0.6865,0.6267239674925804,0.656
ViT,2,52,0.5795005564651792,0.69,0.6283115036785603,0.66
ViT,2,53,0.5775843721533579,0.687,0.6266391724348068,0.648
ViT,2,54,0.5750734238397508,0.689,0.6308320127427578,0.654
ViT,2,55,0.5744927516059269,0.6855,0.6337520629167557,0.654
ViT,2,56,0.572907441192203,0.6855,0.6329739168286324,0.648
ViT,2,57,0.5728137890497843,0.6905,0.6264077201485634,0.656
ViT,2,58,0.5718040007447439,0.6905,0.6318600177764893,0.656
ViT,2,59,0.5703192069416955,0.6825,0.6264622323215008,0.654
ViT,2,60,0.5695454946586064,0.692,0.622714065015316,0.664
ViT,2,61,0.5680896616171277,0.69,0.6266002021729946,0.662
ViT,2,62,0.5683058344182514,0.689,0.6274928227066994,0.652
ViT,2,63,0.5651093480132875,0.69,0.6289178654551506,0.664
ViT,2,64,0.5663049064931416,0.69,0.6277472451329231,0.658
ViT,2,65,0.5632241723083314,0.696,0.6277870126068592,0.658
ViT,2,66,0.5623911661761147,0.694,0.6257759518921375,0.66
ViT,2,67,0.5614043001144652,0.6945,0.6262057274580002,0.668
ViT,2,68,0.5606248208454677,0.696,0.6238416992127895,0.666
ViT,2,69,0.5597194319679624,0.694,0.6232646256685257,0.666
ViT,2,70,0.5582018395264944,0.6965,0.6246026419103146,0.668
ViT,2,71,0.5580739350545973,0.6995,0.6244056932628155,0.664
ViT,2,72,0.5568988299559033,0.7,0.6306525804102421,0.66
ViT,2,73,0.5563614642809308,0.697,0.6297435574233532,0.668
ViT,2,74,0.5559950877749731,0.701,0.6219578124582767,0.668
ViT,2,75,0.5553654389722007,0.7,0.6173008531332016,0.67
ViT,2,76,0.5530149387934852,0.7025,0.6240775883197784,0.666
ViT,2,77,0.5532319886343819,0.7025,0.6233810670673847,0.67
ViT,2,78,0.5526504828816369,0.705,0.623263381421566,0.67
ViT,2,79,0.5526705980300903,0.704,0.6228149905800819,0.666
ViT,2,80,0.5527723705957807,0.702,0.6196475550532341,0.666
ViT,2,81,0.5510010657802461,0.704,0.6193895116448402,0.668
ViT,2,82,0.5507536984625316,0.702,0.6213213913142681,0.666
ViT,2,83,0.5492988654545375,0.704,0.6243281476199627,0.672
ViT,2,84,0.5508973626863389,0.7015,0.6202518157660961,0.672
ViT,2,85,0.5494063245871711,0.7035,0.6182240806519985,0.68
ViT,2,86,0.5487257336813306,0.7055,0.6206094510853291,0.668
ViT,2,87,0.5473383556282709,0.704,0.6274217814207077,0.662
ViT,2,88,0.5478036517188662,0.706,0.6175975874066353,0.678
ViT,2,89,0.5460730720134008,0.707,0.6230559088289738,0.666
ViT,2,90,0.5463411817474971,0.709,0.6171661876142025,0.674
ViT,2,91,0.545600649383333,0.7095,0.6181080490350723,0.666
ViT,2,92,0.5471396682754396,0.705,0.6179885715246201,0.672
ViT,2,93,0.5457195956555624,0.7065,0.6195310167968273,0.672
ViT,2,94,0.5439857078923119,0.708,0.6258851028978825,0.668
ViT,2,95,0.544012431114439,0.705,0.6226856671273708,0.672
ViT,2,96,0.5434136925235628,0.7075,0.6246412470936775,0.666
ViT,2,97,0.5434204046688382,0.711,0.6184373609721661,0.676
ViT,2,98,0.5416526761319902,0.7095,0.6199697479605675,0.672
ViT,2,99,0.5414816240469614,0.7075,0.6201280876994133,0.666
ViT,2,100,0.5416596101389991,0.711,0.6184618510305882,0.67
ViT,2,101,0.5423890470512329,0.7085,0.6201068982481956,0.674
ViT,2,102,0.5429286876368145,0.7125,0.6192821711301804,0.676
ViT,2,103,0.5408034778776623,0.7145,0.6226321570575237,0.672
ViT,2,104,0.5402364631493887,0.7115,0.6198365017771721,0.672
ViT,2,105,0.540601390694815,0.7125,0.619354035705328,0.678
ViT,2,106,0.5402375100150941,0.711,0.6193829700350761,0.674
ViT,2,107,0.5405720013474661,0.711,0.6185185573995113,0.672
ViT,2,108,0.5390422325285654,0.7125,0.620393130928278,0.672
ViT,2,109,0.5392784305981227,0.7125,0.6162706203758717,0.672
ViT,2,110,0.5382788365795499,0.7115,0.6220809817314148,0.662
ViT,2,111,0.5380754797231584,0.7115,0.6205854117870331,0.676
ViT,2,112,0.5383767126098512,0.7135,0.6183465253561735,0.68
ViT,2,113,0.538678964452138,0.711,0.618931919336319,0.676
ViT,2,114,0.5385750508497632,0.7105,0.6196029409766197,0.676
ViT,2,115,0.5369097727631765,0.713,0.6208025719970465,0.674
ViT,2,116,0.5367984052688356,0.715,0.6201825365424156,0.676
ViT,2,117,0.5359360343880124,0.7135,0.6223685629665852,0.674
ViT,2,118,0.5368187976261926,0.712,0.6207779496908188,0.676
ViT,2,119,0.5362823804219564,0.7125,0.6200011596083641,0.676
ViT,2,120,0.537294105877952,0.7135,0.6193654630333185,0.676
ViT,2,121,0.5360538708785224,0.7155,0.6200626026839018,0.672
ViT,2,122,0.535920470479935,0.715,0.6215008664876223,0.672
ViT,2,123,0.5367040695652129,0.713,0.6189657412469387,0.676
ViT,2,124,0.535598316362926,0.714,0.62151138484478,0.67
ViT,2,125,0.5358189259256635,0.7135,0.6209325585514307,0.678
ViT,2,126,0.5352378932256547,0.7145,0.6217359490692616,0.67
ViT,2,127,0.5352579033564008,0.713,0.6221424229443073,0.676
ViT,2,128,0.5357643375321041,0.7115,0.6201024204492569,0.674
ViT,2,129,0.5352514934918237,0.715,0.6214023232460022,0.678
ViT,2,130,0.5361056181173476,0.7135,0.6196562144905329,0.676
ViT,2,131,0.5353423456350962,0.714,0.6196607667952776,0.676
ViT,2,132,0.5350699358516269,0.715,0.6201676577329636,0.678
ViT,2,133,0.5349335869153341,0.7155,0.620323808863759,0.678
ViT,2,134,0.5345851102518657,0.716,0.6214188951998949,0.676
ViT,2,135,0.5351938846565428,0.7155,0.6208136025816202,0.676
ViT,2,136,0.5354588840688977,0.7145,0.6196697410196066,0.676
ViT,2,137,0.5355540972853464,0.7145,0.6191440261900425,0.674
ViT,2,138,0.5352602676739768,0.715,0.6193658169358969,0.678
ViT,2,139,0.5350662843575553,0.715,0.6197690069675446,0.678
ViT,2,140,0.5348954399426779,0.7145,0.6198543552309275,0.68
ViT,2,141,0.5349667124331944,0.7145,0.6194216459989548,0.678
ViT,2,142,0.5350520989251515,0.7145,0.6191964186728001,0.678
ViT,2,143,0.5348870380530282,0.715,0.6194809023290873,0.68
ViT,2,144,0.5348368216128576,0.715,0.6194906048476696,0.68
ViT,2,145,0.5349317079498654,0.7145,0.6193226799368858,0.678
ViT,2,146,0.5348946433218699,0.7145,0.6193117834627628,0.678
ViT,2,147,0.5348518065043858,0.7145,0.6194027289748192,0.68
ViT,2,148,0.5348469728515262,0.7145,0.6194155309349298,0.68
ViT,2,149,0.5348470192106943,0.7145,0.6194073613733053,0.68
ViT,2,150,0.5348451265266964,0.7145,0.6194116659462452,0.68
ViT,3,1,0.6933039672791012,0.5,0.693314902484417,0.5
ViT,3,2,0.6931074346814837,0.501,0.6931666433811188,0.502
ViT,3,3,0.6931910212077792,0.5,0.6932164169847965,0.5
ViT,3,4,0.6931832366519504,0.5,0.6932038962841034,0.5
ViT,3,5,0.6930498963310605,0.558,0.6931193545460701,0.5
ViT,3,6,0.6930380312223283,0.5,0.6931006535887718,0.5
ViT,3,7,0.6930799247726561,0.5,0.6931228823959827,0.5
ViT,3,8,0.6930019552745517,0.5,0.6930645518004894,0.5
ViT,3,9,0.6930037897730631,0.5,0.6930636912584305,0.5
ViT,3,10,0.6929826972976564,0.5,0.6930478699505329,0.5
ViT,3,11,0.6929469893849085,0.5,0.6930150240659714,0.5
ViT,3,12,0.693019914248633,0.5,0.6930649653077126,0.5
ViT,3,13,0.6928961400001769,0.5,0.6929718852043152,0.5
ViT,3,14,0.6928242993733239,0.612,0.6929297745227814,0.602
ViT,3,15,0.6928045853735909,0.5,0.6928983740508556,0.5
ViT,3,16,0.6927454386438642,0.5035,0.6928475461900234,0.5
ViT,3,17,0.6926608142398653,0.507,0.6927729696035385,0.498
ViT,3,18,0.6925312990234012,0.611,0.6926701031625271,0.606
ViT,3,19,0.6923454905313159,0.5765,0.6924859695136547,0.564
ViT,3,20,0.6918269055230277,0.606,0.6919631063938141,0.628
ViT,3,21,0.6898163405675737,0.6005,0.6899160109460354,0.61
ViT,3,22,0.6822581546647208,0.6115,0.6843142993748188,0.614
ViT,3,23,0.6675340694094462,0.6015,0.6727400794625282,0.612
ViT,3,24,0.659045103996519,0.614,0.6631382144987583,0.62
ViT,3,25,0.6529629977922591,0.6195,0.6598278544843197,0.622
ViT,3,26,0.6506183573177883,0.6255,0.6571303531527519,0.616
ViT,3,27,0.6474041853632245,0.625,0.6538772992789745,0.622
ViT,3,28,0.6414958162913247,0.632,0.6514395996928215,0.632
ViT,3,29,0.6362330270191979,0.638,0.64981609582901,0.614
ViT,3,30,0.6290997730361091,0.6475,0.6486295163631439,0.632
ViT,3,31,0.626538338169219,0.65,0.6512643955647945,0.626
ViT,3,32,0.6217791135348971,0.6565,0.6536022685468197,0.624
ViT,3,33,0.6182735931305658,0.6575,0.6502735465764999,0.624
ViT,3,34,0.6154771106583732,0.6615,0.6478405743837357,0.63
ViT,3,35,0.6121527377575163,0.666,0.6486931666731834,0.632
ViT,3,36,0.6116510483007582,0.6635,0.6485789306461811,0.634
ViT,3,37,0.6098257142399984,0.665,0.6454045623540878,0.636
ViT,3,38,0.6060932798991128,0.6755,0.6427592262625694,0.654
ViT,3,39,0.6053754956949324,0.675,0.6423777304589748,0.65
ViT,3,40,0.6051370586667743,0.674,0.6455141231417656,0.662
ViT,3,41,0.6015812825588953,0.6795,0.6427362710237503,0.652
ViT,3,42,0.6024363759964232,0.6725,0.6447594128549099,0.65
ViT,3,43,0.5983274243180714,0.6835,0.6422526426613331,0.65
ViT,3,44,0.5969161618323553,0.6805,0.6406558714807034,0.654
ViT,3,45,0.594272047754318,0.686,0.6401817798614502,0.656
ViT,3,46,0.5906154986411806,0.691,0.6357443444430828,0.662
ViT,3,47,0.5878386360312265,0.6925,0.6349951270967722,0.648
ViT,3,48,0.5882777443953923,0.6915,0.6362618058919907,0.658
ViT,3,49,0.5856839683320787,0.6965,0.6365596428513527,0.646
ViT,3,50,0.5852216628808824,0.696,0.6384517662227154,0.654
ViT,3,51,0.5844407805374691,0.693,0.6436802465468645,0.662
ViT,3,52,0.5829574546170613,0.6945,0.6444098446518183,0.65
ViT,3,53,0.5807907557676709,0.701,0.6415185816586018,0.656
ViT,3,54,0.5805138742166852,0.7,0.6427919752895832,0.654
ViT,3,55,0.5806880219588204,0.693,0.6438476834446192,0.644
ViT,3,56,0.576143879739065,0.699,0.6437680274248123,0.64
ViT,3,57,0.574085137200734,0.7045,0.6424586474895477,0.65
ViT,3,58,0.5720543903963906,0.701,0.6411285065114498,0.644
ViT,3,59,0.5709247404620761,0.702,0.6379767935723066,0.652
ViT,3,60,0.5684105408570123,0.699,0.6390624213963747,0.646
ViT,3,61,0.5672433958167121,0.699,0.6379452124238014,0.648
ViT,3,62,0.5653502993167393,0.704,0.6318762861192226,0.648
ViT,3,63,0.5635809784843808,0.7055,0.6339650172740221,0.65
ViT,3,64,0.561842877240408,0.705,0.6325226165354252,0.644
ViT,3,65,0.561236352201492,0.7065,0.6325868126004934,0.644
ViT,3,66,0.5604957394183628,0.708,0.6288500316441059,0.652
ViT,3,67,0.560225415324408,0.7065,0.6296891085803509,0.656
ViT,3,68,0.5588324722789583,0.7055,0.6264855209738016,0.654
ViT,3,69,0.5569814632809351,0.7095,0.625450162217021,0.642
ViT,3,70,0.5555340628775339,0.706,0.628873547539115,0.64
ViT,3,71,0.5545676719574701,0.711,0.6275222636759281,0.644
ViT,3,72,0.5535751510234106,0.7115,0.62916618026793,0.648
ViT,3,73,0.5531171177114759,0.7105,0.6288624443113804,0.654
ViT,3,74,0.5515469213326772,0.712,0.6316454820334911,0.654
ViT,3,75,0.5500058650024353,0.716,0.6308810636401176,0.664
ViT,3,76,0.5500052911894662,0.7185,0.6295847594738007,0.65
ViT,3,77,0.5486279588843149,0.7155,0.6277326848357916,0.648
ViT,3,78,0.5474870058279189,0.717,0.6276417151093483,0.652
ViT,3,79,0.5459957657352327,0.7205,0.6272404361516237,0.654
ViT,3,80,0.5444943829188271,0.7195,0.629684129729867,0.66
ViT,3,81,0.5439795179972573,0.7195,0.6276335529983044,0.652
ViT,3,82,0.5435490471030039,0.7195,0.6258442886173725,0.662
ViT,3,83,0.5415509380991497,0.7175,0.6242086961865425,0.65
ViT,3,84,0.5415929063918099,0.7195,0.6243086233735085,0.66
ViT,3,85,0.5408931076526642,0.722,0.622240362688899,0.664
ViT,3,86,0.5396332542101542,0.722,0.6229338254779577,0.658
ViT,3,87,0.5391108705883935,0.72,0.622462559491396,0.66
ViT,3,88,0.5379910029116131,0.72,0.6227328274399042,0.658
ViT,3,89,0.5370769226361835,0.724,0.6228875406086445,0.654
ViT,3,90,0.5364722311496735,0.7255,0.6251243110746145,0.658
ViT,3,91,0.5357271683594537,0.7275,0.6243202909827232,0.658
ViT,3,92,0.5353013877830808,0.7255,0.6222663652151823,0.66
ViT,3,93,0.5356573202307262,0.729,0.6244091726839542,0.66
ViT,3,94,0.5337561903491853,0.7285,0.6233129650354385,0.658
ViT,3,95,0.5332386034821707,0.733,0.6220973674207926,0.662
ViT,3,96,0.5321126007844531,0.732,0.6209946591407061,0.664
ViT,3,97,0.5316495895385742,0.729,0.6224400885403156,0.65
ViT,3,98,0.5312040131243448,0.73,0.6220637280493975,0.66
ViT,3,99,0.5306393191927955,0.7325,0.6222467999905348,0.656
ViT,3,100,0.5301142973559243,0.733,0.6206445172429085,0.664
ViT,3,101,0.5296629653090522,0.732,0.619988089427352,0.662
ViT,3,102,0.5288727098987216,0.731,0.6192659679800272,0.66
ViT,3,103,0.5280051032702128,0.7315,0.6201568190008402,0.656
ViT,3,104,0.5272929725192842,0.7305,0.6211109161376953,0.664
ViT,3,105,0.527232628493082,0.7325,0.6194013189524412,0.662
ViT,3,106,0.5267737441592746,0.7355,0.620132939890027,0.668
ViT,3,107,0.5266080247977424,0.733,0.6196645461022854,0.664
ViT,3,108,0.5259455451889644,0.7305,0.6197103634476662,0.656
ViT,3,109,0.5256036193597884,0.7305,0.6188578400760889,0.656
ViT,3,110,0.5252136616479783,0.73,0.6190931927412748,0.656
ViT,3,111,0.5255800126090883,0.731,0.6182255018502474,0.654
ViT,3,112,0.5250363330992441,0.731,0.6182651445269585,0.658
ViT,3,113,0.5240215389501481,0.735,0.6181101948022842,0.664
ViT,3,114,0.5239726163092113,0.7335,0.6174426786601543,0.664
ViT,3,115,0.5240156901261163,0.734,0.6170295551419258,0.66
ViT,3,116,0.5230767386300224,0.735,0.6179990768432617,0.67
ViT,3,117,0.5233217075703636,0.733,0.6178491152822971,0.658
ViT,3,118,0.5228252344661288,0.733,0.6186140142381191,0.662
ViT,3,119,0.5224733589187501,0.7365,0.618470249697566,0.664
ViT,3,120,0.5224179545092205,0.7335,0.6181598585098982,0.664
ViT,3,121,0.5221056351585994,0.7355,0.6177272982895374,0.664
ViT,3,122,0.5221850205035437,0.733,0.6178001910448074,0.662
ViT,3,123,0.5226197242736816,0.731,0.6178528890013695,0.66
ViT,3,124,0.5219110647837321,0.7325,0.6181264333426952,0.662
ViT,3,125,0.521591626935535,0.735,0.6180966515094042,0.666
ViT,3,126,0.5219116433272286,0.731,0.6177638005465269,0.66
ViT,3,127,0.5215014791677869,0.7345,0.617042263969779,0.666
ViT,3,128,0.5215052579130445,0.7335,0.6170598473399878,0.664
ViT,3,129,0.5213034105679345,0.7345,0.6169335730373859,0.664
ViT,3,130,0.5210008999658009,0.736,0.6171603389084339,0.672
ViT,3,131,0.5207404342908708,0.7375,0.6176065504550934,0.676
ViT,3,132,0.5206972880968972,0.7355,0.6176222413778305,0.668
ViT,3,133,0.5206066606536744,0.7355,0.6179292500019073,0.668
ViT,3,134,0.5204457177056206,0.7375,0.6175942271947861,0.67
ViT,3,135,0.5206119545868465,0.7365,0.6172173675149679,0.666
ViT,3,136,0.5203410159973871,0.7375,0.6173987332731485,0.672
ViT,3,137,0.5203512320442806,0.7375,0.6172539219260216,0.67
ViT,3,138,0.520244144258045,0.737,0.6173737421631813,0.67
ViT,3,139,0.5201482943126133,0.737,0.6174400076270103,0.672
ViT,3,140,0.5201210758042714,0.7375,0.6174045838415623,0.672
ViT,3,141,0.5201236156244127,0.738,0.6173681579530239,0.67
ViT,3,142,0.5201324134592026,0.737,0.6173496507108212,0.668
ViT,3,143,0.5201017232168288,0.737,0.617298249155283,0.668
ViT,3,144,0.520079780665655,0.7375,0.6172721441835165,0.672
ViT,3,145,0.5200773449171157,0.737,0.6172674223780632,0.668
ViT,3,146,0.5200606560896314,0.7375,0.6172789372503757,0.672
ViT,3,147,0.5200551450252533,0.7375,0.6172753050923347,0.672
ViT,3,148,0.5200526671750205,0.7375,0.6172733381390572,0.672
ViT,3,149,0.5200497087032075,0.7375,0.617272736504674,0.672
ViT,3,150,0.5200496462602464,0.7375,0.6172725893557072,0.672
ViT,4,1,0.702822054189349,0.5,0.7026799470186234,0.5
ViT,4,2,0.6959242149004861,0.5,0.6958523653447628,0.5
ViT,4,3,0.6947713759210374,0.5,0.694720558822155,0.5
ViT,4,4,0.6944572348443289,0.5,0.6944113746285439,0.5
ViT,4,5,0.6941724939951821,0.5,0.6941359117627144,0.5
ViT,4,6,0.6937877356059967,0.5,0.6937606483697891,0.5
ViT,4,7,0.6940526025635856,0.5,0.6940183453261852,0.5
ViT,4,8,0.6940159097550407,0.5,0.6939798481762409,0.5
ViT,4,9,0.6937566711789086,0.5,0.6937311291694641,0.5
ViT,4,10,0.6938262931884281,0.5,0.6937990225851536,0.5
ViT,4,11,0.6936839298596458,0.5,0.6936600618064404,0.5
ViT,4,12,0.6935773274255177,0.5,0.6935562528669834,0.5
ViT,4,13,0.6935840362594241,0.5,0.6935677640140057,0.5
ViT,4,14,0.6933853806011261,0.5,0.6933771818876266,0.5
ViT,4,15,0.6934528407596406,0.5,0.6934413127601147,0.5
ViT,4,16,0.6933462619781494,0.5,0.6933394260704517,0.5
ViT,4,17,0.6935874081793285,0.5,0.693573385477066,0.5
ViT,4,18,0.6931604922763885,0.5,0.6931594386696815,0.5
ViT,4,19,0.6931991255472577,0.5,0.693197101354599,0.5
ViT,4,20,0.6933177482514155,0.5,0.6933119706809521,0.5
ViT,4,21,0.6931318621786814,0.5,0.6931321397423744,0.5
ViT,4,22,0.6930704731789846,0.5,0.6930695846676826,0.5
ViT,4,23,0.6929226460910979,0.5,0.692934688180685,0.5
ViT,4,24,0.6924322077206203,0.5,0.6924475841224194,0.5
ViT,4,25,0.6909920875988309,0.5,0.6910335533320904,0.5
ViT,4,26,0.6855269131206331,0.5205,0.6859080791473389,0.516
ViT,4,27,0.6768041290934124,0.624,0.6776945702731609,0.628
ViT,4,28,0.6718621698636857,0.633,0.6732064001262188,0.636
ViT,4,29,0.6695520376402234,0.62,0.6693609692156315,0.618
ViT,4,30,0.6617783194496518,0.6385,0.6646545417606831,0.63
ViT,4,31,0.6582307058667379,0.641,0.6634538434445858,0.636
ViT,4,32,0.6559917538885086,0.6435,0.6623461246490479,0.632
ViT,4,33,0.6508392691612244,0.6495,0.6593741178512573,0.63
ViT,4,34,0.6505795613167777,0.6475,0.6609330922365189,0.628
ViT,4,35,0.6464245451821221,0.648,0.6580479443073273,0.628
ViT,4,36,0.6446667739323207,0.6445,0.6567379757761955,0.624
ViT,4,37,0.6355299609048026,0.6435,0.6490826345980167,0.624
ViT,4,38,0.6343425493391733,0.6425,0.6490414142608643,0.632
ViT,4,39,0.6318558681578863,0.6435,0.6479974798858166,0.63
ViT,4,40,0.6340022957514203,0.6365,0.6505394987761974,0.626
ViT,4,41,0.6264025937943232,0.646,0.6441699340939522,0.63
ViT,4,42,0.6207868078398326,0.6515,0.6393051408231258,0.634
ViT,4,43,0.6163914785498664,0.6585,0.6359072960913181,0.64
ViT,4,44,0.6103232881379506,0.6665,0.6334638483822346,0.644
ViT,4,45,0.6100211545588479,0.6655,0.6321469061076641,0.648
ViT,4,46,0.6091290191998557,0.6625,0.6328959986567497,0.646
ViT,4,47,0.6037057420564076,0.671,0.6292841024696827,0.652
ViT,4,48,0.6022601733132015,0.674,0.6290073432028294,0.656
ViT,4,49,0.5991227664644756,0.6775,0.6294952109456062,0.656
ViT,4,50,0.6003723702733479,0.6795,0.6328489817678928,0.642
ViT,4,51,0.5939029048359583,0.68,0.6293865963816643,0.646
ViT,4,52,0.5976766092436654,0.677,0.6334166340529919,0.646
ViT,4,53,0.5960973321445404,0.678,0.6327756382524967,0.636
ViT,4,54,0.5915023410131061,0.6795,0.6318255327641964,0.644
ViT,4,55,0.5873290404440865,0.684,0.6304908059537411,0.644
ViT,4,56,0.5884720347230397,0.6825,0.6312042139470577,0.644
ViT,4,57,0.5845919109526134,0.684,0.6305855363607407,0.648
ViT,4,58,0.5831324926444462,0.685,0.6287394464015961,0.65
ViT,4,59,0.5805888185425411,0.685,0.6285729929804802,0.64
ViT,4,60,0.5799618093740373,0.6875,0.6340188905596733,0.642
ViT,4,61,0.5806518920830318,0.6895,0.6304740384221077,0.638
ViT,4,62,0.5828852847455039,0.6845,0.6333864144980907,0.644
ViT,4,63,0.5774929253827958,0.6875,0.6304770223796368,0.64
ViT,4,64,0.575343193042846,0.6885,0.6291812844574451,0.638
ViT,4,65,0.5738496189079587,0.6895,0.6313130371272564,0.636
ViT,4,66,0.5753406130132221,0.6895,0.6308516561985016,0.638
ViT,4,67,0.570096282731919,0.692,0.6318833455443382,0.628
ViT,4,68,0.5732606460177709,0.684,0.6314655281603336,0.632
ViT,4,69,0.5685292728363521,0.7,0.625314973294735,0.634
ViT,4,70,0.5670727056170267,0.6955,0.6278115957975388,0.628
ViT,4,71,0.5694828028716739,0.6915,0.630687415599823,0.628
ViT,4,72,0.5652903171758803,0.6955,0.6326328665018082,0.628
ViT,4,73,0.5652690525092776,0.695,0.6326900571584702,0.628
ViT,4,74,0.5650234264986855,0.695,0.6318852417171001,0.63
ViT,4,75,0.5625904060545421,0.6985,0.62885307893157,0.632
ViT,4,76,0.5610688522694602,0.695,0.6302740722894669,0.628
ViT,4,77,0.5582912379787082,0.698,0.6250042654573917,0.626
ViT,4,78,0.5576993368920826,0.699,0.6257792338728905,0.624
ViT,4,79,0.5568596692312331,0.698,0.631044827401638,0.622
ViT,4,80,0.556230615528803,0.7035,0.624692028388381,0.624
ViT,4,81,0.5527516910954128,0.7,0.6288255248218775,0.628
ViT,4,82,0.5525890584029849,0.7,0.626517865806818,0.624
ViT,4,83,0.5516420352080512,0.702,0.6245763581246138,0.624
ViT,4,84,0.5487810553066315,0.7075,0.624104268848896,0.636
ViT,4,85,0.5468550135218908,0.704,0.6267141979187727,0.628
ViT,4,86,0.5496988920938402,0.704,0.6262985095381737,0.62
ViT,4,87,0.5478560692734189,0.707,0.6235307026654482,0.626
ViT,4,88,0.5453196205790081,0.708,0.6251671072095633,0.63
ViT,4,89,0.5464867168948764,0.707,0.6265507489442825,0.628
ViT,4,90,0.5439530681996119,0.7095,0.6251924484968185,0.638
ViT,4,91,0.5440924598111047,0.7055,0.6281296648085117,0.628
ViT,4,92,0.5441666836776431,0.709,0.6266608610749245,0.63
ViT,4,93,0.5408925882407597,0.714,0.6253924798220396,0.644
ViT,4,94,0.5386034434749967,0.7145,0.6255672685801983,0.642
ViT,4,95,0.5426095686261616,0.7125,0.623731579631567,0.642
ViT,4,96,0.537958854720706,0.714,0.6248085144907236,0.644
ViT,4,97,0.5379792740420689,0.7175,0.6264870129525661,0.642
ViT,4,98,0.5350432764916193,0.7215,0.6266630496829748,0.654
ViT,4,99,0.5374127768334889,0.715,0.6259824447333813,0.644
ViT,4,100,0.5365523062055073,0.716,0.6244898363947868,0.642
ViT,4,101,0.5357834029765356,0.7175,0.6237459201365709,0.65
ViT,4,102,0.5345893137984805,0.7215,0.6250381246209145,0.654
ViT,4,103,0.5328920422092317,0.7215,0.6247837897390127,0.658
ViT,4,104,0.5331002166346898,0.7215,0.6244532261043787,0.66
ViT,4,105,0.5327895714177026,0.719,0.62457593716681,0.646
ViT,4,106,0.5323372540019807,0.7185,0.6233181152492762,0.646
ViT,4,107,0.5305790451783983,0.7215,0.6228539757430553,0.654
ViT,4,108,0.5312950805066123,0.723,0.6212146114557981,0.652
ViT,4,109,0.5307495679174151,0.7225,0.6222697515040636,0.652
ViT,4,110,0.5304317431790488,0.7225,0.6222710590809584,0.65
ViT,4,111,0.5297076919722179,0.722,0.6234025098383427,0.654
ViT,4,112,0.5294383698039584,0.722,0.6234208382666111,0.656
ViT,4,113,0.528492006517592,0.7235,0.6238215658813715,0.652
ViT,4,114,0.5282265903457762,0.7225,0.6219823993742466,0.654
ViT,4,115,0.5277463571419791,0.7245,0.6225618589669466,0.652
ViT,4,116,0.5275269907618326,0.7255,0.623282790184021,0.658
ViT,4,117,0.5258777231451065,0.724,0.623844176530838,0.65
ViT,4,118,0.5263504560977693,0.7235,0.6229233779013157,0.652
ViT,4,119,0.5271266916441539,0.7255,0.6224843114614487,0.654
ViT,4,120,0.5259117152955797,0.7245,0.6231260057538748,0.652
ViT,4,121,0.5257487192986503,0.7245,0.6230920422822237,0.654
ViT,4,122,0.5245749463164617,0.7245,0.6231790259480476,0.652
ViT,4,123,0.5236933325964307,0.726,0.6250022873282433,0.652
ViT,4,124,0.5242245017536102,0.725,0.6246001236140728,0.662
ViT,4,125,0.5235048986616588,0.7255,0.6252332217991352,0.654
ViT,4,126,0.5233566571795751,0.727,0.6246574390679598,0.654
ViT,4,127,0.5231742844695136,0.724,0.6243242248892784,0.654
ViT,4,128,0.5228783951865302,0.725,0.6243416853249073,0.654
ViT,4,129,0.5226195128191085,0.7255,0.6244790572673082,0.654
ViT,4,130,0.5218104086224995,0.7255,0.6259453799575567,0.656
ViT,4,131,0.5221521920628018,0.725,0.6249057427048683,0.654
ViT,4,132,0.5226763127342103,0.7265,0.6236273217946291,0.656
ViT,4,133,0.5228812500597939,0.7255,0.6230317745357752,0.654
ViT,4,134,0.5231997181498815,0.7255,0.6225151121616364,0.656
ViT,4,135,0.5226914343379793,0.726,0.6226547416299582,0.654
ViT,4,136,0.5225944722455645,0.725,0.6224347744137049,0.654
ViT,4,137,0.5225762705954294,0.7255,0.6223604790866375,0.654
ViT,4,138,0.5223133019984715,0.7255,0.6225969437509775,0.654
ViT,4,139,0.522082122072341,0.7245,0.622863469645381,0.654
ViT,4,140,0.5222178465790219,0.725,0.6226795986294746,0.654
ViT,4,141,0.5219876349918426,0.7265,0.6229570843279362,0.654
ViT,4,142,0.5219033199643331,0.727,0.6230940520763397,0.654
ViT,4,143,0.5217963674711803,0.7265,0.6231917217373848,0.654
ViT,4,144,0.5217784643173218,0.7265,0.6231728512793779,0.654
ViT,4,145,0.5218346109465947,0.7265,0.6230751108378172,0.654
ViT,4,146,0.5218660940253546,0.727,0.6230656001716852,0.654
ViT,4,147,0.5218934880362617,0.726,0.6230369191616774,0.654
ViT,4,148,0.5219081701740386,0.726,0.6230136379599571,0.654
ViT,4,149,0.5219065821360028,0.726,0.6230150051414967,0.654
ViT,4,150,0.5219089999085381,0.726,0.6230119951069355,0.654
